ABCs,A,B,C,D,E
A,1,9,2.5,3.5,5
B,0.1111111111,1,0.2,0.4,0.5
C,0.4,5,1,2,2.5
D,0.2857142857,2.5,0.5,1,1.5
E,0.2,2,0.4,0.6666666667,1
